Retailer Code,Retailer Name,Area,Google Maps Link,Contact
1116296,THE GOLDEN TIME ,CG ROAD,https://share.google/divKFpkwOB5m0fAST,9033224641
1100309,SAMAY AVADHI,RNT MARG,https://maps.app.goo.gl/JkLRsYaZvPydNyPW9,9302104175
9024959,Times  Square,Opp GTB Complex,https://maps.app.goo.gl/ooq86XskAUKQyw1C9,9826011111
9005027,ANIL TIME CENTER,DHEBAR ROAD,https://share.google/Qy2G6PTIkuG1GyokV,9879700100
1100049,VIJAY TIME,Golani market,https://share.google/BeYWvFj6ukcNyzRnJ,9890520630
9005206,TIME WORLD,BEDI GATE,https://share.google/ZHta7Q3ISThhNaJqe,9898613133
9000166,BHARAT TIMES (CHAKAN),Chakan,https://share.google/PE1bWGxr3EGhwQWAh,074200 08135
9007195,Krishna Watch & Electronics,"390,MG ROAD",https://maps.app.goo.gl/7NE73ezEBqsfb8KV8,7000518137
9000226,ATTITUDE THE WATCH STUDIO,Shahpuri Railway Fatak,https://share.google/uxlaq78IGe80Le2cD,0231 661 0280
9003449,JAY UMIYA WATCH CO,Gota,https://share.google/0kSwhCs4uisDk35B7,9825233608
9023691,AROWANA,WAKAD,https://share.google/6g5xV1E1rBgeqySj4,80070 17700
9006796,TIME GALLERY,Nirala Bazar,https://share.google/hgGbBn3A2drdpUtlG,98234 60450
9006809,BOMBAY WATCH DEPO,Old Mondha,https://share.google/H32ZCkYx7K9s8Behq,080558 57856
9005079,JYOTI WATCH ,BEDI GATE,https://share.google/vVs1zY7YaRcLilTus,9924118432
9020629,F C ENTERPRISES,Nigdi,https://share.google/5UibJI81waUjVus57,020 2765 9200
9007191,King Watch Annex,"25,Dalu Modi Bazaar",https://maps.app.goo.gl/L49Hq33Rh1y1geSz5,7000402763
9007230,Prince Marketing,Tower Chouraha,https://share.google/YqSFKzVfTsMGSgCi3,9425091064
9008186,ANUPAM WATCH CENTRE,Fawwara Chowk,https://maps.app.goo.gl/1b3GfLExJkC7VR6t7,9407055539
9003202,HARSH ENTERPRISE,MORBI,AJANTA ORPET SHOWROOM  MORBI 363641,8128728888
9031077,FIRST LOOK,Jyoti Talkies,https://share.google/BV9BBaFRCUC4k2rdg,9981960001
9014474,NEW KAMAL WATCH,Gast ka Tajia,https://maps.app.goo.gl/aGdLzUNTj45aqBc78,9826283352
9039795,SMS BROTHERS,Behind MLB School,https://share.google/Db5VQLGjvyGMGKwv6,7974109302
9003526,UMIYA WATCH CO ,PALANPUR,https://share.google/00tApiBmUq6aY4g2F,9426828244
9021630,INDIAN SAREES NX PRIVATE LIMITED,SATANA RD,https://share.google/Mm2u6zZwF5DApnW6K,8975631133
9003170,JEETEN TIME,Hospital Road,https://share.google/kh5yRoSmaBjEBTdUr,9825163068
9003200,CHINTAMANI,REVAPAR ROAD,https://share.google/HMsWNVr1PW91LWNOw,8905970001
9040059,N H LALE ENTERPRISE,Talwade,https://share.google/Du4zAWTL1NBhoxdyn,9960008639
9006808,PRINCE AGENCIES,Vazirabad,https://share.google/Q9I0YJkdDU7u4SBoQ,90962 76265
9000164,SHRI SAMRAT WATCH CO,Bhosari,https://share.google/LYNdzUWVElbosP143,
9038354,SKY RETAIL,"140, raj Business Park",https://maps.app.goo.gl/xy6ybQvHD8F4X36s6,9893014145
1126450,BOMBAY WATCH AND RADIO HOUSE,MP Nagar Zone 1,https://maps.app.goo.gl/h6owH8iRoMZKNmPp6,7389648777
9022840,SANKALP TIMES,Shikshak Colony,https://www.instagram.com/sankalp_watch_beed/?hl=en,7776900054
9008246,SAMAY DRASHTI,Teen Batti,https://maps.app.goo.gl/yoKxvSpCPUnFRTrd9,9424788000
9005017,ADEN & CO.,YAGNIK ROAD,https://share.google/NL8m3FNUNZ0FjXSHN,9824245439
9008236,PRATAP WATCH HOUSE,Station Road,https://maps.app.goo.gl/fd5ipyEkiDgA38qj6,9827574788
9003539,WORLD TIME,KUDASON,https://share.google/ePo9V65o9WY0ElVp6,9879134006
9015800,KABIR WORLD,KUDASON,https://share.google/2xhfolNL9yXTcWRMX,9909941888
9005701,SANJAY TIMES,Golani market,https://share.google/HQzglTTXepKeDAvhK,9890177811
9018571,SHAKTI WATCH,MAIN BAZAAR,https://share.google/ihTUaFEPXIjrguA88,9825523485
9003214,MANHAR WATCH CO,MUNDRA,BANDAR ROAD  MUNDRA 370421,9898989365
9030200,YASH TIME N TUNE HOUSE,"Naya Bazar,Malviya Chowk",https://share.google/L4fTSMVUNaSO6ZUbK,7974933433
9007192,King Watch,"148,MG ROAD",https://maps.app.goo.gl/RmthYbLJivkVzVPn6,9993823151
9038965,JAGANNATH TIME,RAJKOT,SPEEDWELL PARTY PLOT CHOWK  RAJKOT 360002,9898989365
9038937,OM DISTRIBUTORS EBO,"11E,Kingsway,ganesh Chowk",https://maps.app.goo.gl/R2Z3uY65Uy8jmc1G8,9425158197
9007221,N. Phoolchand,Bombay Bazar,https://share.google/Jv0mpCtDEjCY34aPs,7773050673
9034089,S. R Enterprises - Khargone,"12, Jawahar Nagar",https://maps.app.goo.gl/iRkDooYV3YTpn5R26,7489492227
9003218,AMAR SALES ,Bus stand Road,https://share.google/MEWbbAJDSSHpzygcR,9426626442
9036350,Devkar Watch Co,MIDC ,https://share.google/dTbU0colf1SJMJWKw,096733 33044
9038351,SHARDA TIMES,Tilak Road,https://share.google/M5y8ziGMcleGsJHgl,088303 86199
1116317,THE GOLDEN TIME ,Ghoddod road," 202, Ground Floor, Surya Kiran Complex, College Road, Ghoddod Road",9512899777