,,
ABP All & TT All Editions -,,
KOLKATA CITY,,
,,
,,
,,
Name,Area,
Shankar watch Care,Belghoria Feeder road,Retailer 1
ORIENTAL,BASDRONI,Retailer 1
,,
M/S Ghose cousin,Shyambazar,Retailer 2
GOLDEN WATCH,GARIA,Retailer 2
,,
Standard Watch,Dum Dum Cantonment,Retailer 3
DAYAL JEWELLERY MUSEUM,GARIAHAT,Retailer 3
,,
Shambhu Nath Ghose & Othrs,Shyambazar,Retailer 4
TIME COLLECTION,GARIA HAT,Retailer 4
,,
KAMALA ENTERPRISE,Baranagar,Retailer 4
GLORY,JADAVPUR,Retailer 4
,,
J-Watch,Dum Dum,Retailer 5
ANGLO SWISS,RADHA BAZAR,Retailer 5
,,
Dey's Time,B K Paul Avenue,Retailer 6
TOTCO,HAZRA,Retailer 6
,,
CHOWDHURY WATCH MUSEUM,BELGHARIA,Retailer 7
ROY WATCH,RANIKUTHI,Retailer 7
,,
New Orient Watch,Baguihati,Retailer 8
KALPATARU,RANIKUTI,Retailer 8
,,
MA SHITALA WATCH & ELECTRONICS,Airport Gate,Retailer 9
JHALAK TIMES,BHAWANIPORE,Retailer 9
,,
KALITARA WATCH REPAIRING SHOP,Manicktala,Retailer 10
FAST MOBILE,HILAND PARK,Retailer 10
,,
WATCH PALACE (T),ALAMBAZAR,Retailer 11
BAHURUPI,KUDGHAT,Retailer 11
,,
The Time,Theatre Road,Retailer 12
KALYANI YIMES,NARENDRA PUR,Retailer 12
,,
PRITAM FASHION,MADHYAMGRAM,Retailer 13
,,
,,
H M Watch,Radhabazar,Retailer 14
,,
,,
New M. Y. watch,Radhabazar,Retailer 15
,,
,,
New Standard,Radhabazar,Retailer 16
,,
,,
Urfee's,Lindsay Street,Retailer 17
,,
,,
Selection,Lindsay street,Retailer 18
,,
,,
Eye Time,Lindsay Street,Retailer 19
,,
,,
Impex,Garia More,Retailer 20
,,
,,
Bardhan's,Jadavpur,Retailer 21
,,
,,
Time House,Jadavpur,Retailer 22
,,
,,
Unique Electronics,Behal Tramdepot,Retailer 23
,,
,,
RAM'S,Kolkata,Retailer 24
,,
,,
GABA TIMES PVT LTD,Kolkata,Retailer 25
,,
,,
PASHUPATI RETAIL,KOLKATA,Retailer 26
,,
,,
HASAMPURIA TIME CENTRE,Kolkata,Retailer 27
,,
,,
SURYA TIMES TRADING PRIVATE LIMITED,Kolkata,Retailer 28
,,
,,
GRAND OPTIX,Kolkata,Retailer 29
,,
,,
DEY ENTERPRISES,SEALDHA,Retailer 30
,,
,,
RAINBOW TIMES PVT.LTD.,SEALDHA,Retailer 31
,,
,,
JANATA WATCH CO.,DUMDUM,Retailer 32
,,
,,
SPECTRUM HOSPITALITY,Kolkata,Retailer 33
,,
,,
NEW SHANKAR WATCH CO.,BELGORIA,Retailer 34
